{
  "by_block": {
    "block_0": {
      "maximum": 11.350339747763249,
      "mean": 4.045615893469485,
      "minimum": 0.11981992250334841,
      "std": 4.57282670764904
    },
    "block_1": {
      "maximum": 1.290026538938735,
      "mean": 0.7380004439604413,
      "minimum": 0.05735656252573022,
      "std": 0.5268861237828608
    },
    "block_10": {
      "maximum": 0.34922918322590063,
      "mean": 0.23483830956343058,
      "minimum": 0.1523851956705819,
      "std": 0.08251276196683464
    },
    "block_11": {
      "maximum": 2.932298648175034,
      "mean": 1.132053327140021,
      "minimum": -0.04357328966926133,
      "std": 1.1067849338333704
    },
    "block_2": {
      "maximum": 2.481946720853802,
      "mean": 1.4830887465339098,
      "minimum": 0.14741466404128117,
      "std": 0.8471783198990626
    },
    "block_3": {
      "maximum": 0.9666221786910064,
      "mean": 0.4674796850758602,
      "minimum": 0.08788964415991174,
      "std": 0.36031765154945705
    },
    "block_4": {
      "maximum": 0.738783729916662,
      "mean": 0.41192700218571493,
      "minimum": 0.03443619924909243,
      "std": 0.2590569141442748
    },
    "block_5": {
      "maximum": 1.2303912313897905,
      "mean": 0.4312125323291246,
      "minimum": 0.07990336355947818,
      "std": 0.46554901242403673
    },
    "block_6": {
      "maximum": 1.1965366107972308,
      "mean": 0.3910989553585138,
      "minimum": 0.029443109048297344,
      "std": 0.4717721932468218
    },
    "block_7": {
      "maximum": 0.6175429872970554,
      "mean": 0.21870813797944366,
      "minimum": 0.0731622336502518,
      "std": 0.2304040244963095
    },
    "block_8": {
      "maximum": 0.7767204595862246,
      "mean": 0.31938985399638503,
      "minimum": 0.053937009896517195,
      "std": 0.2753244634505802
    },
    "block_9": {
      "maximum": 0.8566982067036847,
      "mean": 0.2825099560838362,
      "minimum": 0.07932276241515837,
      "std": 0.3315929652840442
    }
  },
  "by_projection_type": {
    "attn.c_attn": {
      "maximum": 1.7787354935574413,
      "mean": 0.749236777346773,
      "minimum": 0.05735656252573022,
      "std": 0.4639490331509175
    },
    "attn.c_proj": {
      "maximum": 11.350339747763249,
      "mean": 1.2862996776824511,
      "minimum": 0.029443109048297344,
      "std": 3.133261754395426
    },
    "mlp.c_fc": {
      "maximum": 2.481946720853802,
      "mean": 0.4791636108964308,
      "minimum": -0.04357328966926133,
      "std": 0.6873622486508528
    },
    "mlp.c_proj": {
      "maximum": 4.496658314707527,
      "mean": 0.870607548633067,
      "minimum": 0.08945925648257073,
      "std": 1.1961107043946817
    }
  },
  "calibration": {
    "calibration_seed_counts": [
      5
    ],
    "measured_noise_std_absolute_max": 0.014830136485397816,
    "measured_noise_std_absolute_mean": 0.009467571482916054,
    "measured_noise_std_absolute_min": 0.006037063710391521,
    "noise_reference_scale_max": 0.014830136485397816,
    "noise_reference_scale_mean": 0.009467571482916054,
    "noise_reference_scale_min": 0.006037063710391521,
    "noise_reference_scale_std": 0.001987549854221328,
    "num_records": 48
  },
  "digital_nll": 3.3675948881333873,
  "digital_ppl": 29.00867398320851,
  "mapping_field": "sensitivity_score_for_mapping",
  "mapping_unit": "delta_ppl_total",
  "num_negative_sensitivities": 1,
  "num_projections": 48,
  "overall": {
    "maximum": 11.350339747763249,
    "mean": 0.8463269036396804,
    "median": 0.2646690224093632,
    "minimum": -0.04357328966926133,
    "std": 1.751722478928847
  },
  "ranking": [
    {
      "projection_id": "block_0/attn.c_proj",
      "rank": 1,
      "sensitivity_mean": 11.350339747763249,
      "sensitivity_std": 1.2290048670284572
    },
    {
      "projection_id": "block_0/mlp.c_proj",
      "rank": 2,
      "sensitivity_mean": 4.496658314707527,
      "sensitivity_std": 0.1565836809423975
    },
    {
      "projection_id": "block_11/attn.c_proj",
      "rank": 3,
      "sensitivity_mean": 2.932298648175034,
      "sensitivity_std": 0.05151371570677386
    },
    {
      "projection_id": "block_2/mlp.c_fc",
      "rank": 4,
      "sensitivity_mean": 2.481946720853802,
      "sensitivity_std": 0.10601930704845938
    },
    {
      "projection_id": "block_2/attn.c_attn",
      "rank": 5,
      "sensitivity_mean": 1.7787354935574413,
      "sensitivity_std": 0.03901448679251703
    },
    {
      "projection_id": "block_2/mlp.c_proj",
      "rank": 6,
      "sensitivity_mean": 1.524258107683115,
      "sensitivity_std": 0.01701414613927615
    },
    {
      "projection_id": "block_1/mlp.c_fc",
      "rank": 7,
      "sensitivity_mean": 1.290026538938735,
      "sensitivity_std": 0.09043304982600832
    },
    {
      "projection_id": "block_5/attn.c_attn",
      "rank": 8,
      "sensitivity_mean": 1.2303912313897905,
      "sensitivity_std": 0.0807722916900335
    },
    {
      "projection_id": "block_1/mlp.c_proj",
      "rank": 9,
      "sensitivity_mean": 1.2110609606543832,
      "sensitivity_std": 0.01988350730494876
    },
    {
      "projection_id": "block_6/attn.c_attn",
      "rank": 10,
      "sensitivity_mean": 1.1965366107972308,
      "sensitivity_std": 0.044058174428750166
    },
    {
      "projection_id": "block_11/mlp.c_proj",
      "rank": 11,
      "sensitivity_mean": 1.022026127167355,
      "sensitivity_std": 0.017134084260512716
    },
    {
      "projection_id": "block_3/mlp.c_proj",
      "rank": 12,
      "sensitivity_mean": 0.9666221786910064,
      "sensitivity_std": 0.014037242618061737
    },
    {
      "projection_id": "block_9/attn.c_attn",
      "rank": 13,
      "sensitivity_mean": 0.8566982067036847,
      "sensitivity_std": 0.0595837545650891
    },
    {
      "projection_id": "block_8/attn.c_attn",
      "rank": 14,
      "sensitivity_mean": 0.7767204595862246,
      "sensitivity_std": 0.049369497094978794
    },
    {
      "projection_id": "block_4/attn.c_attn",
      "rank": 15,
      "sensitivity_mean": 0.738783729916662,
      "sensitivity_std": 0.03462837876033933
    },
    {
      "projection_id": "block_3/attn.c_attn",
      "rank": 16,
      "sensitivity_mean": 0.6515651177712506,
      "sensitivity_std": 0.03155222989599298
    },
    {
      "projection_id": "block_7/attn.c_attn",
      "rank": 17,
      "sensitivity_mean": 0.6175429872970554,
      "sensitivity_std": 0.026118961773357922
    },
    {
      "projection_id": "block_11/attn.c_attn",
      "rank": 18,
      "sensitivity_mean": 0.6174618228869562,
      "sensitivity_std": 0.03611704814817592
    },
    {
      "projection_id": "block_4/mlp.c_fc",
      "rank": 19,
      "sensitivity_mean": 0.5316511568749547,
      "sensitivity_std": 0.017213760427799457
    },
    {
      "projection_id": "block_1/attn.c_proj",
      "rank": 20,
      "sensitivity_mean": 0.3935577137229167,
      "sensitivity_std": 0.01298089139647131
    },
    {
      "projection_id": "block_10/attn.c_attn",
      "rank": 21,
      "sensitivity_mean": 0.34922918322590063,
      "sensitivity_std": 0.02985320333788506
    },
    {
      "projection_id": "block_4/mlp.c_proj",
      "rank": 22,
      "sensitivity_mean": 0.34283692270215055,
      "sensitivity_std": 0.01990385407008198
    },
    {
      "projection_id": "block_10/mlp.c_proj",
      "rank": 23,
      "sensitivity_mean": 0.2773485940542365,
      "sensitivity_std": 0.012254341539027986
    },
    {
      "projection_id": "block_8/mlp.c_fc",
      "rank": 24,
      "sensitivity_mean": 0.2743882276450158,
      "sensitivity_std": 0.018988037454089227
    },
    {
      "projection_id": "block_5/mlp.c_fc",
      "rank": 25,
      "sensitivity_mean": 0.2549498171737106,
      "sensitivity_std": 0.03761907688672584
    },
    {
      "projection_id": "block_6/mlp.c_fc",
      "rank": 26,
      "sensitivity_mean": 0.2475665036184715,